id,password
399_1,123456
399_2,123456
399_3,123456
399_4,123456
399_5,123456
399_6,123456
399_7,123456
399_8,123456
399_9,123456
399_10,123456
399_11,123456
399_12,123456
399_13,123456
399_14,123456
399_15,123456
399_16,123456
399_17,123456
399_18,123456
399_19,123456
399_20,123456
399_21,123456
399_22,123456
399_23,123456
399_24,123456
399_25,123456
399_26,123456
399_27,123456
399_28,123456
399_29,123456
399_30,123456
399_31,123456
399_32,123456
399_33,123456
399_34,123456
399_35,123456
399_36,123456
399_37,123456
399_38,123456
399_39,123456
399_40,123456
399_41,123456
399_42,123456
399_43,123456
399_44,123456
399_45,123456
399_46,123456
399_47,123456
399_48,123456
399_49,123456
399_50,123456
399_51,123456
399_52,123456
399_53,123456
399_54,123456
399_55,123456
399_56,123456
399_57,123456
399_58,123456
399_59,123456
399_60,123456
399_61,123456
399_62,123456
399_63,123456
399_64,123456
399_65,123456
399_66,123456
399_67,123456
399_68,123456
399_69,123456
399_70,123456
399_71,123456
399_72,123456
399_73,123456
399_74,123456
399_75,123456
399_76,123456
399_77,123456
399_78,123456
399_79,123456
399_80,123456
399_81,123456
399_82,123456
399_83,123456
399_84,123456
399_85,123456
399_86,123456
399_87,123456
399_88,123456
399_89,123456
399_90,123456
399_91,123456
399_92,123456
399_93,123456
399_94,123456
399_95,123456
399_96,123456
399_97,123456
399_98,123456
399_99,123456
399_100,123456
399_101,123456
399_102,123456
399_103,123456
399_104,123456
399_105,123456
399_106,123456
399_107,123456
399_108,123456
399_109,123456
399_110,123456
399_111,123456
399_112,123456
399_113,123456
399_114,123456
399_115,123456
399_116,123456
399_117,123456
399_118,123456
399_119,123456
399_120,123456
399_121,123456
399_122,123456
399_123,123456
399_124,123456
399_125,123456
399_126,123456
399_127,123456
399_128,123456
399_129,123456
399_130,123456
399_131,123456
399_132,123456
399_133,123456
399_134,123456
399_135,123456
399_136,123456
399_137,123456
399_138,123456
399_139,123456
399_140,123456
399_141,123456
399_142,123456
399_143,123456
399_144,123456
399_145,123456
399_146,123456
399_147,123456
399_148,123456
399_149,123456
399_150,123456
399_151,123456
399_152,123456
399_153,123456
399_154,123456
399_155,123456
399_156,123456
399_157,123456
399_158,123456
399_159,123456
399_160,123456
399_161,123456
399_162,123456
399_163,123456
399_164,123456
399_165,123456
399_166,123456
399_167,123456
399_168,123456
399_169,123456
399_170,123456
399_171,123456
399_172,123456
399_173,123456
399_174,123456
399_175,123456
399_176,123456
399_177,123456
399_178,123456
399_179,123456
399_180,123456
399_181,123456
399_182,123456
399_183,123456
399_184,123456
399_185,123456
399_186,123456
399_187,123456
399_188,123456
399_189,123456
399_190,123456
399_191,123456
399_192,123456
399_193,123456
399_194,123456
399_195,123456
399_196,123456
399_197,123456
399_198,123456
399_199,123456
399_200,123456
399_201,123456
399_202,123456
399_203,123456
399_204,123456
399_205,123456
399_206,123456
399_207,123456
399_208,123456
399_209,123456
399_210,123456
399_211,123456
399_212,123456
399_213,123456
399_214,123456
399_215,123456
399_216,123456
399_217,123456
399_218,123456
399_219,123456
399_220,123456
399_221,123456
399_222,123456
399_223,123456
399_224,123456
399_225,123456
399_226,123456
399_227,123456
399_228,123456
399_229,123456
399_230,123456
399_231,123456
399_232,123456
399_233,123456
399_234,123456
399_235,123456
399_236,123456
399_237,123456
399_238,123456
399_239,123456
399_240,123456
399_241,123456
399_242,123456
399_243,123456
399_244,123456
399_245,123456
399_246,123456
399_247,123456
399_248,123456
399_249,123456
399_250,123456
399_251,123456
399_252,123456
399_253,123456
399_254,123456
399_255,123456
399_256,123456
399_257,123456
399_258,123456
399_259,123456
399_260,123456
399_261,123456
399_262,123456
399_263,123456
399_264,123456
399_265,123456
399_266,123456
399_267,123456
399_268,123456
399_269,123456
399_270,123456
399_271,123456
399_272,123456
399_273,123456
399_274,123456
399_275,123456
399_276,123456
399_277,123456
399_278,123456